date,description,amount,currency,transaction_type,source_type,status,merchant_name,raw_description,revolut_category,external_id,exclude_from_totals,completed_at
2024-01-02,Monthly Salary,3200.00,EUR,income,manual,completed,,,,,false,
2024-01-03,Rent January,950.00,EUR,expense,manual,completed,,,,,false,
2024-01-04,Lidl Groceries,47.83,EUR,expense,manual,completed,Lidl,LIDL IRELAND 003,groceries,,false,
2024-01-05,Netflix Subscription,15.99,EUR,expense,manual,completed,Netflix,NETFLIX.COM,entertainment,,false,
2024-01-07,Freelance Invoice #001,800.00,EUR,income,manual,completed,,,,,false,
2024-01-08,Dublin Bus Top-Up,20.00,EUR,expense,manual,completed,Dublin Bus,DUBLIN BUS TOPUP,transport,,false,
2024-01-09,Tesco Weekly Shop,112.40,EUR,expense,manual,completed,Tesco,TESCO STORES 3519,groceries,,false,
2024-01-10,Spotify Premium,9.99,EUR,expense,manual,completed,Spotify,SPOTIFY AB,entertainment,,false,
2024-01-11,ATM Withdrawal,100.00,EUR,expense,manual,completed,,,ATM WITHDRAWAL GRAFTON ST,,false,
2024-01-12,Electricity Bill,68.50,EUR,expense,manual,completed,Electric Ireland,ELECTRIC IRELAND,utilities,,false,
2024-01-14,Coffee Shop,4.50,EUR,expense,manual,completed,Starbucks,STARBUCKS DUBLIN,dining,,false,
2024-01-15,Gym Membership,45.00,EUR,expense,manual,completed,FLYEfit,FLYEFIT MONTHLY,health,,false,
2024-01-16,Revolut Card Refund,23.99,EUR,refund,manual,completed,Amazon,AMAZON REFUND,,AMZ-REF-20240116,false,
2024-01-18,Pharmacy,14.20,EUR,expense,manual,completed,Boots,BOOTS PHARMACY 042,health,,false,
2024-01-19,Online Course,29.00,EUR,expense,manual,completed,Udemy,UDEMY IRL,education,,false,
2024-01-20,Revolut Transfer to Savings,200.00,EUR,transfer,manual,completed,,INTERNAL TRANSFER SAVINGS,,RVLT-TRF-20240120,true,
2024-01-21,Dinner Out,62.30,EUR,expense,manual,completed,Nandos,NANDOS DINE IN,dining,,false,
2024-01-22,Water Charges,42.00,EUR,expense,manual,completed,Irish Water,IRISH WATER Q4,,IW-2024-Q4,false,
2024-01-23,Parking,6.00,EUR,expense,manual,completed,,Q-PARK JERVIS,,QP-20240123,false,
2024-01-24,Broadband Bill,39.99,EUR,expense,manual,completed,Virgin Media,VIRGIN MEDIA BROADBAND,utilities,,false,
2024-01-25,Salary Top-Up Bonus,400.00,EUR,income,manual,completed,,,,,false,
2024-01-26,Aldi Groceries,38.74,EUR,expense,manual,completed,Aldi,ALDI STORE 1042,groceries,,false,
2024-01-28,Dentist Appointment,80.00,EUR,expense,manual,completed,Dublin Dental,DUBLIN DENTAL CARE,health,,false,
2024-01-29,Amazon Order,34.95,EUR,expense,manual,completed,Amazon,AMAZON.CO.UK PAYMENTS,shopping,,false,
2024-01-30,Gas Bill,55.10,EUR,expense,manual,completed,Bord Gais,BORD GAIS ENERGY,utilities,,false,
2024-01-31,Coffee with Client,11.80,EUR,expense,manual,completed,Bewleys,BEWLEYS GRAFTON ST,dining,,false,
2024-02-01,Monthly Salary,3200.00,EUR,income,manual,completed,,,,,false,
2024-02-02,Rent February,950.00,EUR,expense,manual,completed,,,,,false,
2024-02-03,Tesco Weekly Shop,98.60,EUR,expense,manual,completed,Tesco,TESCO STORES 3519,groceries,,false,
2024-02-04,Phone Bill,25.00,EUR,expense,manual,completed,Three Ireland,THREE IRELAND BILL,utilities,,false,
