Date,Description,Amount
2026-09-01,Salary September,2800.00
2026-09-01,Rent,-950.00
2026-09-02,LIDL STORE 1234 BERLIN,-23.45
2026-09-03,Shell 4410,-52.10
2026-09-03,Netflix.com,-12.99
2026-09-04,Uber trip,-14.20
2026-09-05,Lidl Berlin 77,-31.80
2026-09-06,Starbucks,-4.60
2026-09-07,Spotify,-10.99
2026-09-08,REWE MARKT 4411,-41.30
2026-09-09,Shell 4410,-48.75
2026-09-10,Amazon Marketplace,-27.99
2026-09-11,Starbucks,-4.60
2026-09-12,Lidl Berlin 77,-18.90
2026-09-13,Cinema City,-22.00
2026-09-14,Uber trip,-9.80
2026-09-15,Pharmacy Apotheke,-16.45
2026-09-16,REWE MARKT 4411,-37.15
2026-09-17,Gym membership,-29.90
2026-09-18,Freelance invoice 118,450.00
2026-09-19,Restaurant Luigi,-58.00
2026-09-20,Lidl Berlin 77,-26.30
2026-09-21,Shell 4410,-55.00
2026-09-22,Electricity bill,-64.20
2026-09-23,Amazon Marketplace,-12.49
2026-09-24,Starbucks,-4.60
2026-09-25,Train ticket,-34.00
2026-09-26,Coffee corner,-3.80
