Kontoauszug;;;
Konto: DE89 3704 0044 0532 0130 00;;;
Zeitraum: 01.09.2026 - 30.09.2026;;;
;;;
Buchungstag;Verwendungszweck;Betrag;Waehrung
01.09.2026;GEHALT SEPTEMBER;3.200,00;EUR
01.09.2026;MIETE WOHNUNG;-1.050,00;EUR
03.09.2026;KARTENZAHLUNG REWE MARKT 4411 BERLIN;-47,83;EUR
05.09.2026;KARTENZAHLUNG LIDL STORE 1234;-23,45;EUR
08.09.2026;LASTSCHRIFT TELEKOM MOBILFUNK;-39,95;EUR
10.09.2026;KARTENZAHLUNG SHELL TANKSTELLE 4410;-61,20;EUR
12.09.2026;KARTENZAHLUNG REWE MARKT 4411 BERLIN;-35,10;EUR
15.09.2026;LASTSCHRIFT NETFLIX;-12,99;EUR
18.09.2026;KARTENZAHLUNG DM DROGERIE;-18,75;EUR
22.09.2026;KARTENZAHLUNG SHELL TANKSTELLE 4410;-58,40;EUR
25.09.2026;KARTENZAHLUNG LIDL STORE 1234;-29,60;EUR
30.09.2026;Summe;-1.425,67;EUR
